student_id,student_name,attendance,cgpa,fees_status_numeric,assignment_completion_rate,avg_assignment_score,class_participation_score,previous_semester_gpa,study_hours_per_week,extracurricular_activities,recent_performance_trend,submission_consistency,grade_variance,performance_risk,risk_level,risk_score
cmjrg9uhr003wnvtkgjc1yywn,Jatin Sharma,0.64,0.627,0,0.0,0.0,0.267937746777435,4.383535102119453,1.2254059987696864,0,-0.10669856326912039,0.48336965062475745,0.5448144236350971,2,high,0.19230398378840716
cmjrg9uzj007hnvtkivcgkrmc,Aditi Verma,0.6,0.659,1,0.0,0.0,0.2995112975086723,5.381058169329933,4.868540993724947,0,-0.172835979493914,0.2886849346006314,0.3464470810140258,2,high,0.23027478966526077
cmjrg9uln004qnvtkaqju653c,Trisha Gupta,0.6,0.67,0,0.0,0.0,0.25485717722838563,5.327186027277233,4.014684478753345,0,-0.1860074505465084,0.25729559572263005,0.39825456872771003,2,high,0.21961218560340162
cmjrg9u3p000qnvtk2weg0lii,Chetan Kumar,0.64,0.658,1,0.0,0.0,0.1710053751544171,5.078519060226462,1.0248476999397291,1,-0.1405175017996667,0.3985712939686259,0.5953327526549383,2,high,0.14751976443739362
cmjrg9u6o001hnvtkr13k1f2j,Piyush Jain,0.63,0.675,1,0.0,0.0,0.3916040768074115,5.256535824159773,5.896319902402025,1,-0.15599112878889204,0.2581669796782706,0.3353512622721446,2,high,0.24109596912775988
cmjrg9ukn004knvtkcnlzz17p,Rashmi Patel,0.63,0.6799999999999999,1,0.0,0.0,0.26127099500323225,4.820624696282019,7.748884852413513,1,-0.11657615991027462,0.26791275419799576,0.47999691447360116,2,high,0.19662039927342173
cmjrg9uua006envtked49swyg,Nisha Sharma,0.67,0.659,0,0.0,0.0,0.24550770967317023,5.095346254699329,4.663497672130144,1,-0.19340670467354715,0.4260357144413256,0.42397228980840396,2,high,0.1864462770516731
cmjrg9unk0052nvtkvapioi5g,Xavier Fernandes,0.67,0.7,1,0.0,0.0,0.19719268158630066,5.98055195796431,4.029996272251774,1,-0.1723605466638644,0.2864246994499343,0.36413232761726316,2,high,0.16954474615960535
cmjrg9u3a000nnvtk949wrdkf,Bhavna Reddy,0.76,0.646,1,0.0,0.0,0.3386114392558157,4.873536095486116,6.679622365615918,1,-0.18700176873792163,0.45810089784131114,0.5357269497694358,2,high,0.1900741078642295
cmjrg9u6y001knvtk2alxptgo,Priya Sharma,0.7,0.6910000000000001,1,0.0,0.0,0.3165757315686437,5.825276299066631,2.6303219756649137,0,-0.21060328622065957,0.22069708731412854,0.31100391188865356,2,high,0.20852935043722864
cmjrg9u1l000bnvtk9fnatv8a,Anjali Gupta,0.77,0.639,0,0.0,0.0,0.28144175555455797,5.079012338066713,7.451332116111061,1,-0.258633894340656,0.31488177922793353,0.3519108141283462,2,high,0.20925646514619703
cmjrg9uax002hnvtk0xvd7iep,Swati Tiwari,0.66,0.731,1,0.0,0.0,0.31947585087148495,6.135025913302188,6.478738491171791,0,-0.12121412297203046,0.48090266414160826,0.5541317761683471,2,high,0.2538153917342053
cmjrg9uh1003qnvtkng4ebi9x,Harsh Kumar,0.81,0.619,1,0.0,0.0,0.17966020904635,4.48003864619991,4.727645417176121,0,-0.2177598163160791,0.29305266377490585,0.5757259942012808,2,high,0.24107312289186425
cmjrg9u1a0008nvtk3wtr2972,Akash Kumar,0.63,0.76,1,0.0,0.0,0.35661837103613014,5.96731270615696,7.861730157964301,1,-0.15523323490739607,0.22331595296536177,0.45741002719882523,2,high,0.19569500297794357
cmjrg9uvg006nnvtk1wzvqk6d,Quddus Ahmed,0.8,0.634,0,0.0,0.0,0.20756290919636272,5.32460929554993,4.277627461786965,1,-0.2913380944128726,0.21647682367628968,0.3485402967830824,2,high,0.20243734156171633
cmjrh2bo9005znvuwwtxtacm6,Ishita Joshi,0.7,0.716,1,0.0,0.0,0.2570712595424869,5.258117023231283,5.942668544837939,0,-0.12975819958564244,0.23493210344573964,0.3397835362040249,2,high,0.24963355046743876
cmjrg9uit0045nvtkly2h4qbe,Mohan Kumar,0.85,0.604,1,0.0,0.0,0.2951108134295087,4.183560125136282,2.043694733952517,1,-0.2578185075247259,0.2144530975757998,0.44100220533203166,2,high,0.22763147373536546
cmjrg9urj005tnvtk33cx2yij,Gagan Verma,0.73,0.6950000000000001,1,0.0,0.0,0.2396794524880619,5.9031639228578285,6.568165963704335,1,-0.28762709268090203,0.25730029080296657,0.5223618127307011,2,high,0.23343458910788778
cmjrg9uxw0075nvtkaydd4ij7,Waseem Khan,0.66,0.751,0,0.0,0.0,0.13120786091195172,6.445998398551769,7.317426188708984,0,-0.2088820860721357,0.38278361281699513,0.3965753725996631,2,high,0.23695910475012844
cmjrh2bvn007tnvuw75y5y86m,Hiroshi Yamamoto,0.71,0.718,1,0.0,0.0,0.1481177295410845,5.254144654206233,1.3253758942729679,0,-0.19186193212786806,0.4545350669599722,0.5105952239926234,2,high,0.20427475089246871
cmjrg9ud5002tnvtkehftk1xe,Vedika Patel,0.61,0.7969999999999999,0,0.0,0.0,0.3578374120069642,6.721052131097338,7.750622671494435,1,-0.275762399764356,0.41517330751930426,0.39592281683280356,2,high,0.2103013820962119
cmjrg9uv2006knvtk6ehgdd9b,Pallavi Patel,0.61,0.798,1,0.0,0.0,0.3947101076927033,6.614879975824097,1.8174548868151543,0,-0.14443350746470912,0.45433346234558547,0.3259160231579896,2,high,0.23221585792190055
cmjrg9u1w000envtk3nabnhkd,Arjun Singh,0.7,0.749,1,0.0,0.0,0.255592965891161,5.9711586160370285,3.4196223435338915,0,-0.25956822051788087,0.30354848832568576,0.596081932008026,2,high,0.26872836196152117
cmjrg9uml004wnvtkmvgrzzxq,Vanshika Sharma,0.87,0.622,1,0.0,0.0,0.17269442023510634,4.579556817663917,4.417176767901966,0,-0.25628532208603594,0.28422121469130657,0.34984752504717853,2,high,0.2119950605511728
cmjrg8n9j0002nvhgjqa7awy2,Aarav Sharma,0.63,0.8039999999999999,1,0.0,0.0,0.34396561647019747,6.568230096382902,6.894071085901369,1,-0.2514769738953822,0.4429274515135043,0.40141914840664095,2,high,0.1937862440627789
cmjrg9uak002envtkskcgqqd6,Sourabh Jain,0.71,0.745,0,0.0,0.0,0.28481757522301476,6.358341681039379,3.0449510152264594,0,-0.18972191295678403,0.3998942973191368,0.593489488637659,2,high,0.18682139533775358
cmjrg9utg0068nvtk5rbt8zul,Lakshmi Jain,0.84,0.65,1,0.0,0.0,0.24391066237694134,5.137839456261851,7.62178541817527,0,-0.2580848192934014,0.4285630555098936,0.45171175259148216,2,high,0.25151608215260524
cmjrg9uqr005nnvtkzcsb4zn9,Eklavya Kumar,0.85,0.644,1,0.0,0.0,0.33310002751308865,4.715734366359465,6.0583052116178555,1,-0.2133556783667369,0.44742758977681996,0.5844967692889818,2,high,0.2145433308716973
cmjrg9uso0062nvtkz3osw9ro,Jatin Kumar,0.64,0.8019999999999999,1,0.0,0.0,0.21843199720337897,6.681641631631946,4.53244520584497,0,-0.18063844350591968,0.35674963687421146,0.5656161244058292,2,high,0.18740106137411994
cmjrg9ubn002nnvtk25gnhy5k,Utkarsh Kumar,0.75,0.729,1,0.0,0.0,0.19378701931182485,5.608248516364119,2.598926205628595,0,-0.2974320275560075,0.49890973464967375,0.3665290575273354,2,high,0.20660121423262862
cmjrh2b22000knvuw1s9yzb46,Saanvi Desai,0.72,0.754,0,0.0,0.0,0.30778379986257043,6.511277394060443,6.373440749081439,0,-0.20006575448545577,0.22658037736028558,0.5407513077795919,2,high,0.2478566959310071
cmjrh2b66001nnvuw71d5uub0,Vihaan Grover,0.77,0.718,1,0.0,0.0,0.2228251840879704,6.1132684709492,3.055230446662847,0,-0.1872400023931145,0.4521574216557731,0.3156766121821603,2,high,0.20008551914250816
cmjrh2b8s0028nvuwg5ljj21p,Ayaan Kapoor,0.79,0.7070000000000001,0,0.0,0.0,0.1628983046107228,5.643414419636235,1.8962968864842424,0,-0.2280713283934484,0.4618789722622076,0.5559125663816673,2,high,0.21707021819111358
cmjrg9u8w001znvtkm089fzpc,Sanjay Singh,0.87,0.647,1,0.0,0.0,0.22506004838883045,4.5758522131028645,2.500914012958025,0,-0.25574535292828027,0.4325000149275179,0.5578843599027226,2,high,0.21342788519090902
cmjrh2bbf002qnvuwlxip0zqd,Arjun Mehra,0.76,0.731,1,0.0,0.0,0.17837112088642992,5.769655278962153,3.155164174062505,0,-0.12202606548889358,0.36021792522701507,0.420199364591117,2,high,0.2647174051739937
cmjrh2cb700bwnvuwinephc5u,Nikolai Orlov,0.8,0.705,0,0.0,0.0,0.39011634276885854,5.97578134497882,1.2124965455585954,0,-0.24291448793246134,0.2660881873958263,0.4896222111010303,2,high,0.2857182892028441
cmjrh2ba1002knvuwhfk1xeas,Aarav Choudhary,0.74,0.752,1,0.0,0.0,0.3327746141558515,6.370079975448559,6.049158322915079,0,-0.228614724407189,0.24203362367278464,0.3754259815217509,2,high,0.19817902423884398
cmjrh2bcz0035nvuwm09osurm,Anika Reddy,0.74,0.753,1,0.0,0.0,0.1804772360302189,6.417345352443872,4.939195388975222,0,-0.2912597893828585,0.2672562234190427,0.38852042053042035,2,high,0.19094735055124953
cmjrg9uf8003bnvtkfdeifbyy,Charvi Sharma,0.65,0.8220000000000001,1,0.0,0.0,0.3819414127317611,6.340899647500607,7.947583921322685,1,-0.13840868738266682,0.491837853488563,0.4515044090034952,2,high,0.21165703440053177
cmjrh2bhg0048nvuwn43g6q3x,Anika Choudhary,0.74,0.755,1,0.0,0.0,0.3786903726771559,6.009130475651888,5.395540209830067,0,-0.23881400819941745,0.43652546961367844,0.5818960358758583,2,high,0.17611274738830376
cmjrh2bj6004nnvuwy8hz9xcy,Aarav Khanna,0.75,0.751,1,0.0,0.0,0.15541618045298533,5.885052100889948,2.2237710839799827,0,-0.19914220746474498,0.49786889017057345,0.5680604032747081,2,high,0.16945249332907125
cmjrh2bh40045nvuwsdba8bvg,Vivaan Saxena,0.75,0.753,0,0.0,0.0,0.2948924504841803,5.858950026461887,6.288195721652135,1,-0.1871251264521931,0.4033454154744808,0.4901430846366467,2,high,0.17618038896683116
cmjrg89sn0005nvkgr0bgdlva,Aditi Verma,0.74,0.762,1,0.0,0.0,0.158064189060327,6.314974149061364,2.049397492345153,1,-0.15072750540112959,0.24573253411470414,0.4847688443355993,2,high,0.18397739578392208
cmjrh2cdr00chnvuwycyjuxax,Viktor Ivanov,0.7,0.796,1,0.0,0.0,0.33537602325519256,6.315820827449253,1.557298146603042,0,-0.19817024060818034,0.320559147834392,0.31558579817277777,2,high,0.16440213195961578
cmjrg9uyb0078nvtkg0m135ho,Yash Kumar,0.77,0.745,1,0.0,0.0,0.17213090790242636,5.612216216141007,4.342877428433582,1,-0.16207814174476992,0.438435633769684,0.417814381467866,2,high,0.18530991430232793
cmjrg9u2x000knvtke6shzgo2,Ayush Jain,0.95,0.611,1,0.0,0.0,0.3160862144951605,4.260778429659872,7.959934066813226,0,-0.28794543128120365,0.21913974586795704,0.36737085331629504,2,high,0.26703231995817495
cmjrh2b9q002hnvuw1k9fqyka,Diya Saxena,0.78,0.741,1,0.0,0.0,0.29173698922147306,6.402368864562805,3.2631728403981657,0,-0.2250120473330906,0.2424812593378829,0.3672070560329005,2,high,0.17106871905023158
cmjrh2bwc007znvuw7i8xa2mx,Nikolai Sokolov,0.82,0.7110000000000001,0,0.0,0.0,0.38105739073038003,5.296355302123608,3.549465579761071,1,-0.18123604297587123,0.31196839110248964,0.599515215366524,2,high,0.172296223572231
cmjrg9uej0035nvtk9f5ohm34,Ananya Reddy,0.86,0.683,0,0.0,0.0,0.24865186022289174,5.647894680569114,4.515995503501301,0,-0.17056678490988444,0.28134235728979656,0.46470916943140383,2,high,0.18906401442487958
cmjrg9u0k0002nvtkx0zphr1h,Aarav Sharma,0.96,0.615,1,0.0,0.0,0.3807740397190291,4.50523634524152,2.6842907497384996,0,-0.28814316186837435,0.3743308633811515,0.33757858745486813,2,high,0.2419355103048535
cmjrg9usb005znvtk7jpwpf2s,Ishani Patel,0.82,0.721,1,0.0,0.0,0.18331351277531416,5.3310793504409,7.023889198564189,0,-0.24839294706394688,0.4846251651661821,0.306526934879099,2,high,0.1701187794029046
cmjrh2b5v001knvuwx7ktvek8,Anaya Bajaj,0.76,0.77,1,0.0,0.0,0.22084305152336817,5.790527282987562,3.202187138501918,0,-0.1463258615411611,0.4556360210119989,0.4906637778061157,2,high,0.1981729751138558
cmjrh2bzj008tnvuwt7st7zeq,Elena Smirnova,0.76,0.77,1,0.0,0.0,0.5060387577343411,6.798631531008129,8.073794770374061,0,-0.1054434523351438,0.5543379084972847,0.39819231988787285,1,medium,0.32520362022372973
cmjrh2bp90068nvuwnsc3gl6m,Vivaan Trivedi,0.71,0.8109999999999999,1,0.0,0.0,0.4160068805819367,7.514835680374833,14.231578140958662,0,0.029797975445470998,0.546937598749597,0.38322854819358737,1,medium,0.34587256713163816
cmjrg9ua9002bnvtklze30fnx,Sneha Sharma,0.99,0.603,1,0.0,0.0,0.5602719014112677,5.34290601211608,7.131395120811659,0,-0.1667957390089484,0.4391683625381853,0.3125114830268039,1,medium,0.2756396596404647
cmjrg9u6c001envtk1ndzcbl5,Neha Patel,0.81,0.739,1,0.0,0.0,0.3307567144106658,6.585507658465494,11.506263423885237,0,-0.0031863629342164523,0.43293060154407964,0.2493311268040865,1,medium,0.3533579299377287
cmjrh2bwm0082nvuw560ykrz9,Yui Nakamura,0.85,0.7110000000000001,1,0.0,0.0,0.5459593319081035,6.288610982374478,9.854856379084968,0,-0.029234742273792996,0.6526390872900507,0.31526535977796316,1,medium,0.37246729661479483
cmjrg9uyo007bnvtky83xj0j4,Zeenat Begum,0.72,0.8099999999999999,0,0.0,0.0,0.43718000225625553,7.5244711954640895,8.35425727666646,0,-0.05113939342380466,0.5808910569070382,0.2735656480382913,1,medium,0.34054200498662185
cmjrh2brj006tnvuwfzeaz4i3,Avni Joshi,0.8,0.75,1,0.0,0.0,0.585512217638218,6.530863580369371,8.917414188345223,0,0.11296056712625524,0.6585823694604711,0.2347815405936275,1,medium,0.3704312663873224
cmjrh2c4l00a5nvuwp2wsmplo,Yumi Nakamura,0.74,0.7969999999999999,1,0.0,0.0,0.4532611177525207,7.067422961948159,12.175974478579157,0,0.17382195592384958,0.5556523630144343,0.25968859395417726,1,medium,0.27209422538911837
cmjrh2bf6003qnvuwplq5vwd8,Vihaan Trivedi,0.8,0.752,0,0.0,0.0,0.4008092331528097,6.803159357398368,7.879039345164261,0,-0.04408529818216697,0.680522859267692,0.3438404443941817,1,medium,0.2791861442980363
cmjrh2bfp003tnvuwmftgw3pb,Aarohi Khanna,0.82,0.742,0,0.0,0.0,0.3060274258556416,6.462639599875815,11.635241894933696,0,-0.12678278770218993,0.5518484500449854,0.32471901198996994,1,medium,0.3171231352264154
cmjrh2bgr0042nvuw7arm8919,Anvi Iyer,0.87,0.705,1,0.0,0.0,0.47816597753139467,6.061419683526028,6.674187325813935,0,-0.10758158026953409,0.4839352353834261,0.3869921312269605,1,medium,0.28744579452961044
cmjrh2bki004znvuwhoauzi8x,Ishaan Saxena,0.77,0.78,1,0.0,0.0,0.3825431778004571,6.936562479313927,5.576240885516074,1,-0.03198194194199214,0.4692215487288032,0.306975860373444,1,medium,0.29078200605055543
cmjrh2b93002bnvuwulsutehx,Myra Reddy,0.71,0.826,1,0.0,0.0,0.378993750867074,7.291608355675725,13.594067999928269,0,-0.07658417803366913,0.49314557179625673,0.25766505595485534,1,medium,0.33305627399905585
cmjrh2bmo005knvuwptr573cd,Kiara Nair,0.84,0.729,0,0.0,0.0,0.5803327546366577,6.709306313933032,13.299423794930826,0,0.0376443007072417,0.5788647657013412,0.29935709578836894,1,medium,0.3143419481281363
cmjrg89tm000envkgbh41oa92,Arjun Singh,0.68,0.8560000000000001,1,0.0,0.0,0.43516068352737935,8.048502679535659,14.163369824298899,0,0.14644654792046086,0.6998807936785622,0.3566417519396918,1,medium,0.3113824037640419
cmjrg9uz3007envtkdge8r2yx,Aarav Sharma,0.78,0.782,1,0.0,0.0,0.3133512983771307,6.881002034085753,8.74860227353352,0,0.05014529983951027,0.6916328111590511,0.23681560333397828,1,medium,0.2854877804952641
cmjrh2bwy0085nvuwvdm47rbf,Mikhail Orlov,0.87,0.7150000000000001,1,0.0,0.0,0.5096119488035407,6.241384463538199,8.114838858275967,0,0.17521460001115857,0.4672878457490935,0.32282740395733045,1,medium,0.30219260460110475
cmjrg9u5b0015nvtk5koh8c26,Karan Singh,0.88,0.708,0,0.0,0.0,0.4516395630478297,6.364212560906453,7.806593282677455,0,-0.007505872324655771,0.41955256946743225,0.29848689668118755,1,medium,0.3198988612498355
cmjrh2bvz007wnvuws6thh5ak,Anastasia Volkova,0.85,0.731,0,0.0,0.0,0.4225543840545498,6.804139221268528,14.95029944488907,0,-0.19855464979595128,0.4005789850877711,0.3787253588543967,1,medium,0.3164990675884269
cmjrh2bq9006hnvuwom5pyg7l,Myra Reddy,0.83,0.75,1,0.0,0.0,0.3868993418820062,6.630913927801169,11.065843041286074,1,0.024968604339948353,0.41177341878058255,0.33652703981282744,1,medium,0.3304206521659493
cmjrh2bgg003znvuwt5pqhcyq,Kabir Reddy,0.88,0.713,1,0.0,0.0,0.5732774916447916,6.48108458994172,11.303143735841454,0,0.02154576144130957,0.4011304979441041,0.33773882704458835,1,medium,0.3282221626000951
cmjrg9ugo003nnvtkgoxebzdm,Gitanjali Devi,0.7,0.849,1,0.0,0.0,0.547758176064289,7.624368415238328,14.8112780827207,0,0.07608310256868767,0.5024118341659565,0.34218151519067586,1,medium,0.2707544745695923
cmjrg9uwr006wnvtknmhqtd9m,Tanvi Jain,0.72,0.834,1,0.0,0.0,0.3450117553143024,7.814632226436053,9.292259026014705,1,0.11139896395124554,0.4976913743806969,0.261547623782995,1,medium,0.33459132135643743
cmjrh2bmd005hnvuwgg7fp5xe,Shaurya Khanna,0.73,0.828,0,0.0,0.0,0.397395898781838,7.446924696148643,12.679130981159108,1,0.1579037530434944,0.6788824595042257,0.3191547330493987,1,medium,0.2787098336147181
cmjrh2boy0065nvuws7jxnn8v,Anvi Grover,0.86,0.733,1,0.0,0.0,0.5222463540806803,6.752983356653284,13.682485433553383,0,-0.052112598658230175,0.5142859761903044,0.38392798354536745,1,medium,0.36785911479912115
cmjrg9ufy003hnvtk7zzu9h4z,Esha Gupta,0.93,0.683,1,0.0,0.0,0.35089932146216957,6.251212699984535,11.005002435933426,1,-0.058129018380664255,0.6171793875862109,0.3243981185335406,1,medium,0.2858236535952984
cmjrh2bit004knvuw7isfc1ly,Diya Trivedi,0.81,0.773,0,0.0,0.0,0.5790382208504508,6.924020915977276,9.059679856719733,1,-0.19723814574511792,0.44782322829795884,0.33928886871359365,1,medium,0.3340852539982743
cmjrh2c1d009bnvuwkoar3g12,Airi Kobayashi,0.84,0.756,0,0.0,0.0,0.4116097611708347,6.942230848237975,13.148719503201283,1,-0.11859389409882648,0.607566107490746,0.3230210221553884,1,medium,0.358726841030251
cmjrh2c0g0092nvuwz8n5i2nw,Natalia Petrova,0.72,0.8460000000000001,0,0.0,0.0,0.3567229589011141,7.7042641604601805,5.491195496521867,1,-0.04973262806229006,0.5312060345798721,0.2411705093351559,1,medium,0.30234238927140983
cmjrg9u60001bnvtkvu719po4,Manish Kumar,0.82,0.772,1,0.0,0.0,0.48083206442453874,6.9066471170258446,10.149698479163579,0,0.09682995023129093,0.500156697038695,0.24233522248107456,1,medium,0.33889213687650727
cmjrh2c4900a2nvuw9h1pxy7x,Sergei Orlov,0.74,0.834,0,0.0,0.0,0.37256454762120106,7.430044325390327,6.011999397827622,0,-0.12928060420449927,0.6961695507416247,0.31998285700255935,1,medium,0.30251707087778634
cmjrg9uuo006hnvtkprumljm5,Omprakash Singh,0.63,0.9179999999999999,0,0.0,0.0,0.5180741357875286,8.258601455551513,10.97028177014971,0,-0.11620059306058242,0.5971463951829059,0.3781961115969064,1,medium,0.32032543314753087
cmjrg9uxi0072nvtkeaysvpwl,Vandana Sharma,0.77,0.8160000000000001,0,0.0,0.0,0.3132036117682744,7.393468964614266,11.396844814719724,0,-0.1770861943647776,0.5679012891878248,0.37730744465977534,1,medium,0.2981518579142385
cmjrh2b6h001qnvuw63s6sezz,Aarohi Trivedi,0.89,0.726,0,0.0,0.0,0.33568486239510664,6.482072651316483,9.33576491898711,0,-0.08534358940727556,0.5649652251382905,0.3403122562096814,1,medium,0.3296342212828295
cmjrh2bnb005qnvuww0qbr8ok,Anaya Iyer,0.89,0.726,1,0.0,0.0,0.3846129231078949,6.270424425861232,12.902433754485006,0,-0.09987067887190149,0.6936593475667612,0.26507423656940904,1,medium,0.3096574506988878
cmjrh7m8w0005nvqk7atlcixo,Tanongsak Promrak,0.89,0.727,1,0.0,0.0,0.35199761725233586,6.646005995295525,9.480968899877027,0,-0.1294803320553355,0.4765119356677289,0.25444023272068084,1,medium,0.2987856187399676
cmjrh2buz007nnvuwigma8q3y,Yuki Tanaka,0.8,0.795,1,0.0,0.0,0.3627192873451577,7.166180403035973,5.394670814822456,0,0.12144891907076799,0.5164096144676318,0.2695062618607426,1,medium,0.36919992071850916
cmjrh2bz8008qnvuwjpbunuvi,Vladimir Popov,0.76,0.825,1,0.0,0.0,0.3156482505670018,7.424053445661814,8.020927923618915,1,-0.0893640392497202,0.543770775775869,0.2035784586616701,1,medium,0.33604346915526834
cmjrh2br8006qnvuwvaleoh5g,Aarav Choudhary,0.86,0.753,0,0.0,0.0,0.5388904490170768,6.713971750970216,9.484244144855616,1,-0.161227848931902,0.6652864621331325,0.324540362192233,1,medium,0.3702718768286552
cmjrh2b5l001hnvuwroglnc3v,Arnav Saxena,0.93,0.701,1,0.0,0.0,0.47808955048600865,6.340507459231279,7.710392816560349,0,0.12814228955766843,0.5736856702979323,0.3891515584565365,1,medium,0.2866400485713479
cmjrh2c110098nvuwj6h62dq8,Dmitri Kozlov,0.87,0.747,0,0.0,0.0,0.5614363871214116,6.627822335937849,13.69112397949845,0,0.061520298359867776,0.5483966599379007,0.3872229212909437,1,medium,0.31037489427040543
cmjrg9ur6005qnvtk8h29bfj4,Falguni Singh,0.9,0.725,1,0.0,0.0,0.31714060606100636,6.48467469813149,7.923740884585446,0,-0.05974134193339875,0.6275812860480796,0.3237908744602692,1,medium,0.37136660443897623
cmjrh2bpx006envuwcvfrhr33,Ayaan Nair,0.83,0.779,1,0.0,0.0,0.4731144448182597,6.89477132882341,13.360379670956984,0,-0.09994472906346955,0.6955368378026945,0.2210634592061391,1,medium,0.35350803435096134
cmjrg8n9x0005nvhgpjaz9e1d,Aditi Verma,0.6,0.952,1,0.0,0.0,0.41671070405486826,8.69860171731345,6.443196758105268,1,0.15267809138537008,0.5894530730207292,0.3956889033840933,1,medium,0.3616326968959176
cmjrh2by9008hnvuwi3gezorm,Miyuki Suzuki,0.9,0.73,1,0.0,0.0,0.5580116293584183,6.717323881222964,8.648363059256615,0,0.08922048659887327,0.6437270582926304,0.25952614044760286,1,medium,0.31842544074177087
cmjrh2bnm005tnvuw9lzeo003,Vihaan Saxena,0.76,0.8380000000000001,0,0.0,0.0,0.5134006940131348,7.767809683020934,9.025457721786395,1,-0.14004847264501374,0.682182000754312,0.36384139603242227,1,medium,0.2931568407216393
cmjrh2bb3002nnvuwxxigq7au,Avni Joshi,0.79,0.817,0,0.0,0.0,0.3236076251161572,7.4152936222126105,7.113093894604823,0,0.1722582656614915,0.447518199596395,0.2757301493833012,1,medium,0.3057069935302021
cmjrg9upu005hnvtkef3h5cex,Chirag Jain,0.94,0.705,1,0.0,0.0,0.5519137553868443,6.4303439799361755,11.360365218548877,1,0.07691908934586678,0.4845016249919496,0.32305444919748894,1,medium,0.3736851029485343
cmjrg9u84001tnvtk9yp5lbsu,Rohit Kumar,0.92,0.72,1,0.0,0.0,0.36218373050872504,6.556332072482167,14.580419925891817,0,-0.030629254282811796,0.585991324788143,0.20549103137912333,1,medium,0.3230146618498099
cmjrh2c9900benvuwamoh9tid,Takeshi Suzuki,0.95,0.701,1,0.0,0.0,0.3080633597623089,6.410950275061599,14.84878792626003,0,0.07106309866226052,0.5775956253188774,0.23192687892600955,1,medium,0.2967931056585282
cmjrh2bol0062nvuw1euij88l,Kabir Mehra,0.71,0.881,1,0.0,0.0,0.39434818433760777,7.896457443434396,6.517893198743505,0,-0.08915699670353328,0.4562175813602287,0.3119732815402821,1,medium,0.3458279880789319
cmjrh2c4v00a8nvuwcgo0cf7e,Mikhail Petrov,0.76,0.844,1,0.0,0.0,0.30177651366873165,7.764528723778572,10.193832454523957,0,-0.16171272804868947,0.5453227703809091,0.2607303550232082,1,medium,0.34766999747453425
cmjrh2bva007qnvuwqp4dz8u9,Dmitri Ivanov,0.9,0.739,1,0.0,0.0,0.39102854597195713,6.562582877009209,12.339542149171114,0,-0.18231262202581036,0.5330402073237289,0.21370731515350794,1,medium,0.3546593586824997
cmjrh2ccd00c5nvuw6oy2yxr2,Alexei Sokolov,0.86,0.77,0,0.0,0.0,0.45422805602130967,6.978423436415996,8.88518289457911,1,0.03830308909147892,0.5988599316018977,0.27990364603650403,1,medium,0.3644257270897264
cmjrh2c1z009hnvuwf9phgmlg,Yukiko Yamada,0.74,0.86,1,0.0,0.0,0.517333003823319,7.914726727575182,10.743629604969822,0,0.15165128617456325,0.5482474469873431,0.2851200034090103,1,medium,0.2923341961186629
cmjrg9un5004znvtkq7azv83n,Waqar Ahmed,0.6,0.9650000000000001,1,0.0,0.0,0.5085243342041095,8.715212672184826,5.648528142650566,0,0.19385390653916573,0.40171105014979225,0.33873516036033124,1,medium,0.2752514857588374
cmjrh7m960008nvqk3enhd096,Do Thi Hong,0.95,0.7030000000000001,1,0.0,0.0,0.43509927873567356,6.3094881251673804,6.631571653927094,0,-0.029209442221641846,0.40584147680052746,0.3784213376116106,1,medium,0.3806795326129698
cmjrh2c7200atnvuw22t6bctf,Kaito Suzuki,0.94,0.713,1,0.0,0.0,0.5178490588144925,6.317594745670595,9.9658457324482,1,-0.018805015979055595,0.6080593564479329,0.3371818639112898,1,medium,0.3267167952794929
cmjrh2c8000b2nvuwf4fxd31u,Sergei Smirnov,0.76,0.85,1,0.0,0.0,0.41227514035842144,7.9293693123827875,12.138885051399212,0,0.06361844564187391,0.49641541796120436,0.2571847196762335,1,medium,0.3287041745228695
cmjrh2c2y009qnvuwlnss5qn7,Haruto Suzuki,0.72,0.881,0,0.0,0.0,0.5249865092559721,8.076467044191268,7.5429100358688315,0,-0.08644059527255794,0.6539629249837546,0.2600290359280013,1,medium,0.3273491719439346
cmjrh2b1p000hnvuwtfzwb6ji,Ishaan Kumar,0.89,0.754,1,0.0,0.0,0.5588472750244421,6.848362203013297,14.814374424627246,0,-0.04176694429726732,0.5879721921968242,0.2729837313601382,1,medium,0.36608863323788643
cmjrg9ux5006znvtk7vqgagdi,Umesh Kumar,0.97,0.6950000000000001,1,0.0,0.0,0.49289558610808937,6.184277911878359,13.31613908473063,1,-0.04102192371857746,0.40155022434480403,0.39817297915350675,1,medium,0.39231915127792
cmjrg9uhe003tnvtkyzul1oe7,Ishika Singh,0.93,0.726,0,0.0,0.0,0.47062715966439483,6.694586632303641,12.613304096075323,0,-0.1413486498108162,0.4856659807310988,0.25749070874679186,1,medium,0.3625181103666329
cmjrh2b090005nvuwbgntxdle,Vihaan Patel,0.8,0.8240000000000001,1,0.0,0.0,0.44985559638902994,7.661672310536439,12.305864832898166,1,-0.12207427432692293,0.4580280196740032,0.22776441048448456,1,medium,0.35959903527162973
cmjrh2c3x009znvuw39d33f7f,Daiki Tanaka,0.81,0.819,0,0.0,0.0,0.36209409864866304,7.322869548709835,9.858884851749636,0,0.022762610602769767,0.4617467808666778,0.20851881690953802,1,medium,0.31825510316426353
cmjrh2b2s000qnvuw9858icfc,Anika Choudhary,0.74,0.873,1,0.0,0.0,0.5067555665250635,7.996397971868259,13.350895286585661,0,-0.07133751664938645,0.5945507174374577,0.27111951721416294,1,medium,0.3560320522221432
cmjrg9u4o000znvtkpl5m6bix,Gaurav Agarwal,0.63,0.9560000000000001,1,0.0,0.0,0.4050908559971367,8.812753032957378,11.320285264927946,0,-0.18037553901984846,0.6978113483847137,0.2619028227845773,1,medium,0.35970245472664436
cmjrh2c2m009nnvuw27kxvlhl,Olga Romanova,0.74,0.875,1,0.0,0.0,0.3535229354991836,7.84643272430063,11.051181411210912,0,0.14502528597827669,0.6008019827582615,0.20252238799492073,1,medium,0.32950312832779305
cmjrh2bji004qnvuwi1znuez9,Avni Nair,0.79,0.8380000000000001,1,0.0,0.0,0.5723781030492187,7.80713298655034,10.359099954175534,1,-0.10292142891020993,0.5836258056858616,0.3469643866841846,1,medium,0.35396247196563874
cmjrh2brv006wnvuwlet93ga1,Arjun Mehra,0.9,0.756,1,0.0,0.0,0.35597782339583295,6.996571208019915,10.417713075619504,1,0.11723937356676867,0.5620987944707102,0.34174258927054146,1,medium,0.35004753431531105
cmjrh2bt20075nvuwzlqrm4eu,Saanvi Khanna,0.7,0.9099999999999999,1,0.0,0.0,0.30341805258737503,8.503878967794266,13.584492986103502,0,-0.025160358284869788,0.6242372634443538,0.3570899956619198,1,medium,0.3363129583870359
cmjrh2b6s001tnvuw85er8sij,Ishita Joshi,0.78,0.852,1,0.0,0.0,0.4610490623205397,7.5375660279921535,12.445861600910956,1,-0.09013581850282111,0.4305418560102686,0.3240585456356997,1,medium,0.373033621054186
cmjrg9ue70032nvtka20lqrny,Yuvraj Singh,0.62,0.9730000000000001,1,0.0,0.0,0.5018545641017726,8.864765132100384,14.473509393166387,0,-0.09322480113813576,0.6526179089308121,0.2570552890036813,1,medium,0.2909668028196864
cmjrh2c9v00bknvuwod0wmfiw,Yuki Nakamura,0.85,0.8029999999999999,1,0.0,0.0,0.4262913195804414,7.324501154874742,5.292806269831165,0,-0.0888831752134304,0.4780003723788825,0.3779347118039851,1,medium,0.3811424942966245
cmjrh2bl50055nvuwwu7n8lhd,Vihaan Joshi,0.84,0.8109999999999999,1,0.0,0.0,0.5484508560330216,7.510585180692104,13.468327895420927,1,-0.13872199384553763,0.5911947549653933,0.3541128606969075,1,medium,0.37719688466900225
cmjrh2bcn0032nvuwwykuzox1,Vihaan Nair,0.78,0.858,1,0.0,0.0,0.44683280577888096,8.054625643490615,8.162516507600785,1,-0.1356450286780142,0.49948540552991205,0.2921534205952355,1,medium,0.3624509674054262
cmjrh2bg3003wnvuwaxw2qwu4,Ishita Nair,0.72,0.9039999999999999,1,0.0,0.0,0.31960072828168506,8.445213784645455,10.377212256101217,1,0.04515742379078519,0.6895845977537877,0.3691026441013968,1,medium,0.3043910861863328
cmjrh2c5j00aenvuwqdpctwmc,Ryota Yamamoto,0.7,0.921,0,0.0,0.0,0.5780836909066658,8.42812072727995,10.276323005210415,1,0.06486812733631642,0.5234483158118981,0.31460855981507824,1,medium,0.38318865662813756
cmjrh2bxk008bnvuwkdlkx3lt,Takeshi Sato,0.81,0.8390000000000001,1,0.0,0.0,0.3728911463258372,7.5737107077617445,8.750174982779523,0,0.04850934368033527,0.4087180165772725,0.27883010763903404,1,medium,0.2928666795801164
cmjrg9uow005bnvtkofyqrx3a,Abhishek Kumar,0.81,0.8390000000000001,1,0.0,0.0,0.42516747820114253,7.537970374957923,10.439557049447401,0,0.1755592536525054,0.49498958650912506,0.26844755045830004,1,medium,0.2771946991145538
cmjrg9ui3003znvtkrxm22eh3,Kriti Verma,0.78,0.8619999999999999,0,0.0,0.0,0.5874963229472467,7.771510394675639,7.833621706855414,1,0.024004738570999468,0.40778474189887537,0.3918353514707136,1,medium,0.37331430178101904
cmjrh2bsp0072nvuwfte9evao,Ishaan Trivedi,0.93,0.751,1,0.0,0.0,0.5261693220217597,6.940887925285702,6.633908028008442,0,0.15466078386983095,0.44484212634376574,0.23928255789815084,1,medium,0.35869939291169356
cmjrg9u9x0028nvtkghvyms12,Simran Kaur,0.98,0.7150000000000001,1,0.0,0.0,0.5888435896555858,6.366394326505864,9.201703959807425,1,0.00980188560263695,0.5192458293512547,0.24219651626088642,1,medium,0.2954623872352035
cmjrh2c7p00aznvuwvxbbahbh,Yui Takahashi,0.72,0.9119999999999999,1,0.0,0.0,0.5751405402168863,8.602662609859898,13.561035079568057,1,0.1550349461590445,0.4572503788590216,0.34470057940723287,1,medium,0.3840726482118038
cmjrh2bx90088nvuw6azv9uen,Svetlana Kuznetsova,0.91,0.77,1,0.0,0.0,0.460419901083182,7.072927031845828,10.079582711519063,1,-0.16422216319764169,0.6709548640033569,0.20619671032146003,1,medium,0.2943776690353987
cmjrh2bi3004envuw9gccsf7l,Myra Mehra,0.84,0.8240000000000001,1,0.0,0.0,0.3805243632814237,7.28897412544114,14.429895129369758,1,-0.022807747086136837,0.5132034268875326,0.2468000198877478,1,medium,0.38490878214826235
cmjrh2b0l0008nvuw8zc5e17l,Aanya Gupta,0.92,0.766,0,0.0,0.0,0.40180240188529337,7.059025542977274,9.575510858190018,1,0.07123950542752777,0.5535431976120656,0.2666986906970301,1,medium,0.31834276957116897
cmjrh2c8m00b8nvuwpu5q1hlg,Vladimir Orlov,0.83,0.835,1,0.0,0.0,0.6598357644317082,7.979954468751837,17.279938940220735,1,-0.028748701469834395,0.8438189032294843,0.16230481858912155,0,low,0.4757516849371496
cmjrh2bm2005envuwb246jjnb,Avni Trivedi,0.9,0.783,1,0.0,0.0,0.8139180804125721,7.300438344129331,16.447680584480413,1,0.24311599588892177,0.8671069220050704,0.15916195423483237,0,low,0.4989469262921985
cmjrh2b4o0018nvuwre8cmtrv,Avni Kapoor,0.77,0.881,1,0.0,0.0,0.6835892812815793,8.13888284712712,14.354168755057032,0,0.07560937300836221,0.6031977331806783,0.2728209988673149,0,low,0.4056544841476781
cmjrg9um3004tnvtkrdx8ch1v,Ujjwal Singh,0.9,0.784,1,0.0,0.0,0.839552766654238,7.1115816104506635,16.433390257280173,1,-0.05858603977629056,0.7798384090338726,0.17211415053505422,0,low,0.4069509793252921
cmjrg9utv006bnvtkbp3rkm5y,Madhav Kumar,0.85,0.8230000000000001,1,0.0,0.0,0.6034162688209537,7.69136227740165,17.53201213775121,0,0.11616034699377034,0.8218049374880676,0.27954300549998934,0,low,0.47157972279582205
cmjrg9u27000hnvtkgi2mjksi,Avani Patel,0.73,0.913,1,0.0,0.0,0.7311947356964222,8.89042265451684,10.207159795685218,0,0.011312167520222488,0.8442638058157687,0.16386716307680585,0,low,0.44397639852240844
cmjrh2bqk006knvuwai4mp42e,Reyansh Iyer,0.76,0.891,0,0.0,0.0,0.852906943818832,8.593277519507627,12.478402901132789,0,-0.05196825352379304,0.7988507490959715,0.2202681392334031,0,low,0.4230832423141309
cmjrg9u41000tnvtkn9kthki6,Deepak Yadav,0.88,0.8019999999999999,1,0.0,0.0,0.7221219746486587,7.48392604357212,10.40246655624476,0,0.25113211518605205,0.6697399648606668,0.22449785620709103,0,low,0.48843264510294343
cmjrh2b34000tnvuwk0syreiz,Aditya Joshi,0.82,0.852,1,0.0,0.0,0.8857245845598464,7.8701462973390806,14.969454560622504,1,0.14546887998525113,0.8036458511229165,0.12940832880885014,0,low,0.45145483354676597
cmjrh2cc100c2nvuwos7cax55,Yuto Watanabe,0.85,0.8310000000000001,1,0.0,0.0,0.7856754421957245,7.686007661157814,17.684466189725327,0,0.13350688608669348,0.638608263484235,0.17995682950105085,0,low,0.49252219130153724
cmjrh2blr005bnvuw3g2l104w,Aarush Grover,0.76,0.9,0,0.0,0.0,0.6174610299625288,8.756550215355478,19.93084813372763,1,0.25501548070110924,0.8060208622998067,0.20545221964558386,0,low,0.4149847508850862
cmjrh2bku0052nvuwbphkur9v,Saanvi Choudhary,0.83,0.849,1,0.0,0.0,0.7072655929456853,8.136469502107213,14.98028328414364,1,0.007683899685134762,0.8034685275254029,0.28620374584125996,0,low,0.4199070392417824
cmjrg9ut20065nvtksh5ow4wv,Komal Sharma,0.76,0.9029999999999999,1,0.0,0.0,0.782172149193618,8.829537352146254,19.253110958481464,0,0.03839668409737468,0.8813238098985547,0.26293242012000395,0,low,0.4254242596159553
cmjrh2bif004hnvuw2fs74lo9,Reyansh Grover,0.78,0.889,1,0.0,0.0,0.7090048450895508,8.29762373022956,18.186228480900127,1,0.26152577028369206,0.7492338902790832,0.29615259056534043,0,low,0.45534177703226386
cmjrg9u7p001qnvtknh0qeybu,Riya Singh,0.64,0.994,1,0.0,0.0,0.6310488223344644,9.324488149193401,16.057771529313616,1,0.09223133213483489,0.7159841757784026,0.12620622697299905,0,low,0.3803578532736806
cmjrg9uwc006tnvtkcfrksd88,Sanjay Sharma,0.64,0.9970000000000001,0,0.0,0.0,0.6418840364002283,9.44169055943806,16.39901099016652,1,0.2965729443007674,0.6973050108520256,0.26837399511547133,0,low,0.45221438527358726
cmjrg9uj60048nvtk5nduspsw,Nandini Sharma,0.79,0.885,1,0.0,0.0,0.8600771955767113,8.645732508186226,16.18105809059324,0,0.29929201359311486,0.7763939540292936,0.23375239160256736,0,low,0.4632882677479596
cmjrg9u4c000wnvtku2qhya4w,Divya Sharma,0.86,0.833,1,0.0,0.0,0.7502424587842027,7.714854656591843,17.595201453792463,0,0.09516791361852303,0.6679892260116395,0.12602570291151965,0,low,0.41518200566410407
cmjrh2cah00bqnvuw9c2ywjti,Elena Ivanova,0.74,0.924,1,0.0,0.0,0.8000648236321255,8.788024496882999,13.846011861280493,1,-0.060269471961575685,0.7467718511131236,0.16885490991975452,0,low,0.45562384013412943
cmjrg9uk8004hnvtkakuusdet,Qamar Khan,0.86,0.835,0,0.0,0.0,0.7878157461865972,7.945784900302884,12.480085230042805,1,0.019099141000372605,0.7617013488505135,0.12581475726551244,0,low,0.45966518916120486
cmjrg9upd005envtkv8ram1f7,Bhavika Patel,0.99,0.738,0,0.0,0.0,0.6933265902361105,6.691752790058038,17.602503815053613,1,0.20904558970268886,0.6344275339399063,0.18533756524047312,0,low,0.4103623892920534
cmjrg9uig0042nvtkrboo3bys,Lavanya Patel,0.95,0.769,0,0.0,0.0,0.8982442879446151,7.456114037159768,15.90525968955047,0,-0.03415153575555273,0.7510015811687204,0.1697890537342604,0,low,0.4623972761879246
cmjrh2c5800abnvuwp2823gn5,Elena Sokolova,0.94,0.7769999999999999,1,0.0,0.0,0.7325624094365135,7.209645990087002,10.352754923890675,1,0.2545289174836979,0.6777237406214371,0.27659580485400825,0,low,0.4985227628007862
cmjrh2byx008nnvuwx9gog9s4,Yoko Takahashi,0.74,0.9269999999999999,0,0.0,0.0,0.7204954194575828,8.694976451821603,17.02239270961665,1,-0.09340635942682196,0.7236316937155509,0.22043628901927093,0,low,0.47126901108277436
cmjrg9u4z0012nvtkdkuun4pn,Ishita Joshi,0.98,0.748,0,0.0,0.0,0.7367509633888786,7.251191877137464,18.725476134934407,0,0.2724757095556489,0.7883122373653422,0.20337994779626972,0,low,0.4683463913441731
cmjrh2c8x00bbnvuws0oeiyns,Anastasia Sokolova,0.79,0.892,0,0.0,0.0,0.7168711551367171,8.658428751308607,14.328560159317615,0,0.002736008195803219,0.8524413008259567,0.24633710204713813,0,low,0.4689688334898482
cmjrh2bdm003bnvuwx8hijwuh,Avni Saxena,0.8,0.8859999999999999,0,0.0,0.0,0.6113479217431296,8.55370222767381,19.316185016793682,1,0.0861484643311822,0.6838248359380014,0.2792653526503529,0,low,0.43398531353756903
cmjrh2bu1007envuw2jyk2v3q,Aarush Iyer,0.75,0.925,0,0.0,0.0,0.8920045947599289,8.7316175273466,12.816499437693633,0,0.2496675467519415,0.7446627865639917,0.21368180778307133,0,low,0.4383315282622858
cmjrh2b830022nvuw0q05olon,Vivaan Khanna,0.85,0.851,1,0.0,0.0,0.8553709039593465,8.14715494176766,14.167608858519564,0,0.1369154601937479,0.6514066406393839,0.25590169693616394,0,low,0.4857349666130035
cmjrg9u7b001nnvtkvjqcv1z0,Rahul Verma,0.85,0.851,0,0.0,0.0,0.8242016171275807,8.107853655248338,17.616892612779097,0,0.276402693643121,0.6599366518826648,0.1795998719317784,0,low,0.49341471748540067
cmjrh2be7003hnvuwhvcg4zq7,Kiara Joshi,0.78,0.9039999999999999,0,0.0,0.0,0.7073743694269266,8.750586565540019,17.071044984962093,0,-0.036319534040901755,0.700975879192635,0.13055457583887858,0,low,0.4870958620242167
cmjrh2bqv006nnvuwls6olbgr,Diya Saxena,0.77,0.914,1,0.0,0.0,0.7087482491823269,8.70041120100421,11.886175457907838,1,0.015035346712385739,0.6228489590568855,0.15037941716746625,0,low,0.47892271774853284
cmjrh2c0q0095nvuwq964wnil,Kenji Watanabe,0.77,0.916,0,0.0,0.0,0.8230503466748013,8.491093652655607,10.149710093927576,0,0.2115613945461742,0.7596732880223342,0.2773520015647551,0,low,0.41858979513611216
cmjrh2c2b009knvuw5sm1cxh9,Viktor Zaitsev,0.82,0.8789999999999999,1,0.0,0.0,0.8510851702527443,8.020943564109611,19.455776039527976,1,-0.03246153033132933,0.6713523742311859,0.14943281022735722,0,low,0.4754365968798836
cmjrh2ccq00c8nvuwj07io06d,Miyuki Yamamoto,0.94,0.7889999999999999,1,0.0,0.0,0.8322248655567337,7.416257959552527,15.263310217628383,0,-0.06661784847933655,0.846221288104481,0.22875979722852105,0,low,0.4137518505156497
cmjrg89t00008nvkgxhfk9xdc,Akash Kumar,0.72,0.9560000000000001,0,0.0,0.0,0.6983497834202692,8.880572826073537,17.27889454228391,1,-0.07931425493148431,0.7958440046760242,0.1141062981989311,0,low,0.47758412957760715
cmjrh2cau00btnvuw317xiupk,Hiroshi Tanaka,0.73,0.9490000000000001,0,0.0,0.0,0.6389174049530771,8.759478247612506,15.597757209693228,1,0.16669627261769462,0.7081783068031172,0.25657174454260134,0,low,0.44495907260864587
cmjrh2b2f000nnvuwl7a0lvev,Vivaan Malhotra,0.81,0.89,1,0.0,0.0,0.8511309950556685,8.461432220748897,12.149766871261399,1,0.2361018390335152,0.8042783319806983,0.11997227286958481,0,low,0.49768604189576204
cmjrh7m8m0002nvqkbo6w2fy8,Hu Wei,0.89,0.8300000000000001,1,0.0,0.0,0.8442434021658408,7.698985109676363,18.125070728414094,0,0.2182436873157317,0.7575169989201826,0.15127281479796909,0,low,0.503176026939137
cmjrg89tb000bnvkgoeh7803e,Anjali Gupta,0.83,0.876,1,0.0,0.0,0.7210652781766633,8.020038924476763,19.109401758814784,1,-0.019531164415259733,0.6837453191442396,0.13596458841228912,0,low,0.4418678654079188
cmjrg9u8h001wnvtk8w024iiu,Sakshi Gupta,0.99,0.761,1,0.0,0.0,0.6423699384623663,7.280329889828561,17.37760372368181,0,-0.03231663778463166,0.7855317252119318,0.17641558988653114,0,low,0.43344510010886994
cmjrg89sa0002nvkg99byqokp,Aarav Sharma,0.94,0.8,0,0.0,0.0,0.8243906242608485,7.296717057953374,17.075495970857567,0,0.06544877062009236,0.8627147886980009,0.15422822912130396,0,low,0.44289162715933433
cmjrg9u9l0025nvtkn2wiqcvv,Siddharth Kumar,0.69,0.9880000000000001,1,0.0,0.0,0.7487181418837512,9.508151445934033,11.806092431594916,0,-0.017231650531661202,0.6056076463786454,0.10328800441735027,0,low,0.45259266255396685
cmjrg9uju004envtkh0dvblar,Pooja Singh,0.78,0.922,0,0.0,0.0,0.6483569483124404,8.759286689520213,19.867259536574522,1,0.11937785785796243,0.847975252472459,0.19134364950268767,0,low,0.4200323415355041
cmjrh2bei003knvuwpxhu9r8l,Arnav Mehra,0.95,0.795,1,0.0,0.0,0.7144514643518112,7.627722254382344,15.034999542996509,0,0.020954926364880763,0.6237281264079777,0.26480617179666033,0,low,0.458966068383434
cmjrh2c1o009envuwp301wa2a,Andrei Mikhailov,0.87,0.8560000000000001,0,0.0,0.0,0.6014002520475547,8.293747401534022,14.861685695525395,1,0.04150778838458796,0.6215962776908738,0.17668148861100993,0,low,0.47972718298375233
cmjrg9uga003knvtkf15xqouv,Farhan Khan,0.77,0.931,1,0.0,0.0,0.797895808735816,9.103229362247239,12.465093420952593,0,0.1670513484983179,0.7371290264119418,0.29479481757643244,0,low,0.42619518822276004
cmjrh2c3l009wnvuwe4pyrd9f,Irina Volkova,0.91,0.826,1,0.0,0.0,0.7378214352859431,8.043299271821377,12.523168209226117,0,0.13751665113279718,0.7832182788269296,0.20898588444536642,0,low,0.4073916496223722
cmjrh2bzu008wnvuw31xmyo58,Yuto Ito,0.84,0.8789999999999999,0,0.0,0.0,0.6075138548387496,8.195543707836087,10.687639108713222,1,0.21004421979268725,0.7654621200211,0.13633754074907226,0,low,0.46725930218410966
cmjrg9uev0038nvtkrt80uxnj,Brijesh Kumar,0.87,0.859,1,0.0,0.0,0.7907625866511793,7.794740039226242,12.29428476158634,0,0.04387123063940318,0.7710771353807067,0.13298963534438651,0,low,0.5019053073277311
cmjrh2bju004tnvuwnjmi5fpn,Arjun Reddy,0.7,0.991,1,0.0,0.0,0.8983851276050531,9.680867297215494,16.22778701780347,1,-0.007292503140145706,0.6577178888434619,0.18807870334770865,0,low,0.4314930427516441
cmjrg9u5m0018nvtkjqisy468,Kavya Sharma,0.77,0.942,1,0.0,0.0,0.8272824473837126,8.62463105859889,13.685364404897403,0,0.2650603723342638,0.7965953721349884,0.23244977031923186,0,low,0.4483354149576081
cmjrh2b4z001bnvuwio4rbkf9,Shaurya Chawla,0.84,0.8939999999999999,1,0.0,0.0,0.6091498692098848,8.607371658624318,11.635942819571989,1,0.26230142021772873,0.6404955504525119,0.2628449334084966,0,low,0.4535025240688642
cmjrh2bet003nnvuwxr2amwlo,Anaya Grover,0.86,0.8800000000000001,1,0.0,0.0,0.7923734101863618,8.178736607952953,19.103982928232575,1,0.26144036668788173,0.6619757239066175,0.18149525058841523,0,low,0.49185403192193
cmjrh2bxx008envuwqhufjgnw,Alexei Petrenko,0.77,0.9480000000000001,0,0.0,0.0,0.8564277732476784,8.743296489403289,15.653752630026148,0,0.21212315474132973,0.7548708910737856,0.29668311233204026,0,low,0.49596366119286855
cmjrh2b8g0025nvuwhnxh55ud,Anika Nair,0.76,0.9560000000000001,1,0.0,0.0,0.8515539041799269,9.246316222002351,14.87584565666586,0,0.07615018231855789,0.8245004657566253,0.11026498509835746,0,low,0.4263519617287576
cmjrg9uof0058nvtkfkb1smni,Zoya Khan,0.8,0.931,1,0.0,0.0,0.7927861510531337,9.010609871667288,18.596397435893085,0,0.10514250970048905,0.7151927584492013,0.2003433877698214,0,low,0.4191239890091253
cmjrh2buc007hnvuwlqxu55l5,Avni Saxena,0.79,0.9390000000000001,1,0.0,0.0,0.6354162365534797,8.888127833544178,12.233058804404854,1,0.16271274129977623,0.7694293584452337,0.16829714614124613,0,low,0.39857222517120744
cmjrh2bsb006znvuwlvyzrw3u,Ananya Grover,0.81,0.9269999999999999,1,0.0,0.0,0.6283595597686924,8.957267278599772,14.625896282715491,1,-0.03266984538083682,0.6223697277786931,0.10171047719439125,0,low,0.4129016675838747
cmjrh2btp007bnvuwjw16ahxu,Anika Reddy,0.84,0.906,1,0.0,0.0,0.6300173724059807,8.618083088019171,17.40943076744614,1,0.0071631028935800894,0.6605122940533079,0.13595304620979598,0,low,0.4867234730464119
cmjrh2c6r00aqnvuwjxsizvym,Natalia Ivanova,0.8,0.942,1,0.0,0.0,0.6689361891697266,8.724310329553553,15.350498228629679,0,0.25569660610281675,0.7177635904931357,0.11931019532783566,0,low,0.45963054603186826
cmjrg9urx005wnvtksemx8al6,Hemant Sharma,0.86,0.897,1,0.0,0.0,0.6979760262362714,8.21123093015231,11.405156074831012,1,0.10055958557764141,0.7135728995095225,0.16773651529901248,0,low,0.42454818472872463
cmjrh2b7g001znvuwmhkzq99f,Anvi Chawla,0.83,0.9199999999999999,1,0.0,0.0,0.6099496681361313,8.65310344432186,13.761800009575326,1,0.26120946959753244,0.8461540292084054,0.13808735633519162,0,low,0.4033834422261888
cmjrh2blg0058nvuwfamuanri,Anika Mehra,0.9,0.8699999999999999,1,0.0,0.0,0.6640499912541048,8.204732289487737,19.429179276869384,0,0.0005564330663409278,0.875442940445043,0.16364872622754636,0,low,0.4302745948409364
cmjrg9ul8004nnvtk8uz0m15b,Saurabh Kumar,0.82,0.933,1,0.0,0.0,0.6141110136055395,8.716996059592518,18.726906731949544,0,-0.07568165546033306,0.8716176420709327,0.26025583818577225,0,low,0.4662237027992908
cmjrh2c5t00ahnvuwp3d1go92,Dmitri Volkov,0.8,0.954,0,0.0,0.0,0.6294904723435257,9.180669465231343,17.891991257821275,0,0.23521649830269512,0.6125063156603759,0.28384157169071444,0,low,0.4395015675152139
cmjrh2c3a009tnvuwgkg8rgot,Alexei Morozov,0.79,0.9630000000000001,1,0.0,0.0,0.6890294535595323,9.344396467236885,10.819555954009264,0,0.17394078381631226,0.7582885238888072,0.10912867891673748,0,low,0.4514481037362786
cmjrh2b74001wnvuwzflqobe7,Kabir Malhotra,0.84,0.9259999999999999,1,0.0,0.0,0.8079131752431887,8.623707782540805,17.410093843887402,1,0.08035620085938966,0.7704824175620626,0.27970949202049933,0,low,0.4660525045995835
cmjrh2bhr004bnvuwh910ziex,Ayaan Joshi,0.87,0.907,1,0.0,0.0,0.628662161998003,8.861406591699343,17.255220437719625,1,0.1390497330591116,0.7639990893327817,0.24342702066139846,0,low,0.4425280210322758
cmjrh2b5a001envuwvuex693l,Kiara Mehra,0.85,0.923,1,0.0,0.0,0.8150865766973453,8.506731391918315,11.568434296097113,1,0.2931495470675691,0.703306608451564,0.10610148415661125,0,low,0.45281375988307354
cmjrg9uvw006qnvtk01bbhmqr,Rashmi Kumar,0.94,0.859,1,0.0,0.0,0.7455019541978396,8.386454611672796,14.885692878143573,0,0.27024296130546144,0.6993522012776734,0.2654194306358675,0,low,0.44935532890983565
cmjrh2b430012nvuworer282r,Myra Chatterjee,0.8,0.9640000000000001,1,0.0,0.0,0.610149551149154,9.09022165175401,16.117129130714638,0,0.11017197523936514,0.7519369259653316,0.2724988298969616,0,low,0.4740548384451123
cmjrh2buo007knvuwr7eic19d,Ivan Petrov,0.82,0.953,1,0.0,0.0,0.7178789631787732,8.971655966514563,15.56566929123072,0,-0.04789295388130635,0.8799599210292885,0.2909525465181813,0,low,0.5127337009520094
cmjrh2cbk00bznvuwqlkf7rid,Svetlana Smirnova,0.91,0.8859999999999999,1,0.0,0.0,0.7552840083987392,8.280569900529915,17.30301566311521,1,0.11740133002834283,0.7477556985748799,0.29248123267793735,0,low,0.4810863354856226
cmjrg9u990022nvtk1ymfo0va,Shreya Patel,0.86,0.9279999999999999,1,0.0,0.0,0.6777748631748001,8.851355618108318,14.635115398326729,1,0.013745009868617292,0.6628232079140511,0.2742085038149008,0,low,0.4449389774072823
cmjrh2bte0078nvuwkj17s16p,Vihaan Nair,0.82,0.96,1,0.0,0.0,0.605757853388331,8.95356564218955,13.819936648882253,1,0.07825963392760196,0.8733837159891966,0.19178263339906304,0,low,0.49747812605959774
cmjrh2b3g000wnvuwr57vr1bg,Diya Iyer,0.93,0.8779999999999999,1,0.0,0.0,0.8845034949465763,8.333670055395562,10.320981194666514,0,-0.06465604342755311,0.7152500297540472,0.1989915819579947,0,low,0.43318688794444593
cmjrg9udt002znvtkwbyq8mvd,Yash Sharma,0.93,0.881,1,0.0,0.0,0.6483390016556968,8.228150368932686,18.070779704633843,1,0.2682133004129442,0.603740274724589,0.23644666052560442,0,low,0.45824115533812304
cmjrg9u0y0005nvtkzgeb1is2,Aditi Verma,0.82,0.9640000000000001,1,0.0,0.0,0.7114336001182027,9.078585748260748,13.915911628863832,0,0.10482631984647833,0.8196125939432939,0.16328312684261162,0,low,0.5090796444907585
cmjrg9udh002wnvtkm6gu04c6,Vikas Kumar,0.96,0.86,1,0.0,0.0,0.7290767055729932,8.038081000025514,10.26915353516492,0,0.27086587783000526,0.8004952744233783,0.12710570091635437,0,low,0.44324194981050363
cmjrh2cde00cenvuwt9z2iizh,Yoko Suzuki,0.8,0.9800000000000001,0,0.0,0.0,0.7880009311024558,9.293664495121838,10.959308229521826,0,0.16223833794075757,0.895427199014998,0.26837531943762805,0,low,0.4661271186569166
cmjrh2c8b00b5nvuw1k5js219,Yoko Yamamoto,0.9,0.906,1,0.0,0.0,0.8836195032541981,8.641364736871973,12.69926689113779,0,0.22996938203146713,0.6132632695222944,0.24742753306905121,0,low,0.4340309832437506
cmjrh2bnx005wnvuw5c0zdexu,Aarohi Choudhary,0.93,0.8869999999999999,0,0.0,0.0,0.8572315202570643,8.582514617471544,11.437643379615908,1,0.033541699931547375,0.8333818057720576,0.26248335418748936,0,low,0.4602116266670827
cmjrh2bn0005nnvuwm1fa0knd,Arnav Reddy,0.93,0.8869999999999999,1,0.0,0.0,0.7703595831478908,8.107915672690451,11.229591262801897,0,0.25243044963883543,0.7216248995681636,0.24179018807576153,0,low,0.5221766353301778
cmjrg9uc0002qnvtk9k0konph,Vaibhav Singh,0.96,0.865,1,0.0,0.0,0.8137738198494592,8.011667661167229,19.34928517490711,1,0.03187422432708456,0.7209452604928315,0.1422863548997894,0,low,0.5253027715037542
cmjrh2bbq002tnvuw0yuruswl,Ananya Grover,0.9,0.9109999999999999,1,0.0,0.0,0.6385515391854204,8.466425262630233,14.735103380309114,1,-0.03787561055269522,0.6904452631269506,0.29997969463749974,0,low,0.4208349956802875
cmjrh2bk7004wnvuwumht5blw,Ananya Iyer,0.91,0.907,1,0.0,0.0,0.7578135615294104,8.752202860338299,16.7582437273797,0,0.021693757644618297,0.8134100870792516,0.20311742665006582,0,low,0.48108106086131447
cmjrg9ujh004bnvtkk73im25k,Omkar Jain,0.92,0.9,1,0.0,0.0,0.7004190332135695,8.621370315656444,12.885248181956129,0,0.19411045558782922,0.8108867614019887,0.2220745539509049,0,low,0.4302031273027434
cmjrh2cd200cbnvuw7ncdmpbu,Sergei Petrov,0.81,0.986,1,0.0,0.0,0.7730832472675011,9.529165821024575,15.872183485180312,0,0.13122655911350317,0.8814209909294284,0.19969968951488676,0,low,0.47339691386976385
cmjrh2c9j00bhnvuwzh2af6rk,Mikhail Volkov,0.83,0.9710000000000001,1,0.0,0.0,0.781442645827544,8.966902635669392,12.299719720338883,0,0.21590796034121937,0.8567444708729011,0.2549345460741162,0,low,0.43801495639547056
cmjrh2bym008knvuw7bcuvxh0,Sergei Volkov,0.95,0.882,0,0.0,0.0,0.8904510005782602,8.174812257844195,19.791989260621477,1,0.2243673218826567,0.8405365948034348,0.22478083608864485,0,low,0.5005155518179355
cmjrh2bcc002znvuwca1nwigm,Saanvi Khanna,0.88,0.9380000000000001,1,0.0,0.0,0.7303789696881612,8.888139638002924,13.286429021024816,0,0.2720263525660279,0.8020865979571304,0.21811939606625028,0,low,0.45837436061946574
cmjrh2b9e002envuw6nj4a0xo,Reyansh Iyer,0.8,0.999,1,0.0,0.0,0.6041923548407552,9.643708940180046,15.156838372678191,0,-0.03410522449926737,0.7813258455127365,0.2570123989286799,0,low,0.48432289533222245
cmjrg9uba002knvtknndbc5bb,Tanvi Sharma,0.93,0.9029999999999999,0,0.0,0.0,0.6201256181258507,8.306620667400129,13.605285176708048,1,0.26195929085890013,0.7372691969397789,0.1598264869719131,0,low,0.4684824661971272
cmjrh2c7e00awnvuwomk0zav1,Igor Petrenko,0.95,0.889,0,0.0,0.0,0.699663562757694,8.54825065914797,11.512167426075996,1,0.07118201987470238,0.7612319066209314,0.10806861062184495,0,low,0.5116815307702698
cmjrh2azy0002nvuwat8cqt3h,Aarav Sharma,0.91,0.9199999999999999,0,0.0,0.0,0.8850666788847552,8.701231466784535,15.543367001463437,1,-0.08909916312002215,0.7104906330037543,0.15098247886990285,0,low,0.4438440468581191
cmjrh2ca600bnnvuwqdlf9p8f,Dmitri Petrov,0.95,0.893,1,0.0,0.0,0.6441183405238039,8.404812605735552,14.054332995443561,0,0.08162994015659394,0.7223118349029752,0.149224190101751,0,low,0.5017207228104037
cmjrh2b0w000bnvuwptloinup,Arjun Singh,0.85,0.9710000000000001,1,0.0,0.0,0.6506151211992699,9.107334341538474,10.625698320342567,0,-0.04836208552110493,0.6948246042706332,0.2024536768922128,0,low,0.47094405773920534
cmjrh2bc1002wnvuwsmj6seqv,Ishaan Trivedi,0.89,0.942,0,0.0,0.0,0.8079054964892626,9.084057560791143,10.52387415318854,1,0.2101357411966057,0.8076479891559398,0.23251694437853757,0,low,0.5297400169895353
cmjrh2bpl006bnvuwnz6fmpwn,Anika Khanna,0.93,0.9199999999999999,0,0.0,0.0,0.8792689945749106,8.998813061450834,14.382683750696167,1,0.1463449687419531,0.6891212719295225,0.20000758649470216,0,low,0.5172074704056981
cmjrg9uqa005knvtkoszuf883,Diksha Sharma,0.89,0.952,1,0.0,0.0,0.850257253406385,9.286055595405536,13.056056935990684,0,-0.0011996270264980902,0.8690813778562138,0.24176044765089058,0,low,0.5334992341983134
cmjrh2c05008znvuw6nu9r267,Igor Sokolov,0.91,0.9380000000000001,0,0.0,0.0,0.7931566638570431,9.093154946194698,19.579890211949724,1,0.017376766799246338,0.8007357063250763,0.12799847124057764,0,low,0.46578949493925653
cmjrh2bda0038nvuwb591qd9e,Aarush Iyer,0.87,0.9720000000000001,1,0.0,0.0,0.7225492786549595,9.13773606253496,18.599380146621854,1,0.24356986291275037,0.6683981018536336,0.258608327055765,0,low,0.5062127365646799
cmjq87zmy0002nv9w8xuvtdfj,Avery Thomas,0.66,0.532,1,1.0,0.7986993314133097,0.7934373040636209,4.805375316067751,19.115980935939746,0,0.1592738911205859,0.8095348443501109,0.2266522278465463,0,low,0.7042644290793134
cmjrh2b3r000znvuwpb7ohd7f,Reyansh Nair,0.9,0.977,1,0.0,0.0,0.800759195684578,9.334597358170143,18.04686399683481,1,0.2627622307019982,0.7192197617310252,0.25570334069202094,0,low,0.47022629994692056
cmjrh2b1a000envuwq7l9quyv,Ananya Reddy,0.89,0.99,1,0.0,0.0,0.814078409480284,9.2808206725695,19.467234541328782,0,-0.048024099510624654,0.764003683902811,0.1142428099822192,0,low,0.49907926125059254
cmjrh2bdx003envuwo5lytl3d,Shaurya Choudhary,0.89,0.991,1,0.0,0.0,0.6242366860425219,9.25025942501905,14.895588270200225,1,0.2090084381998332,0.8006303314541424,0.23605908138399817,0,low,0.4594458738016849
cmjrg9ufl003envtkm9x0w5lp,Darshan Patel,0.93,0.9630000000000001,0,0.0,0.0,0.6343100558416914,9.334244899679446,19.210316952635182,0,0.1654326119440929,0.6549345676213933,0.13173312774104728,0,low,0.4395812958202837
cmjrh2c6g00annvuww6fcshqu,Alexei Kuznetsov,0.92,0.9710000000000001,1,0.0,0.0,0.7534141006673921,9.236413085469383,15.606041063677438,1,-0.07704876503993208,0.791964182471735,0.1438946434919825,0,low,0.49019400728941553
cmjq87zvo0025nv9wgn4i6v47,Hoang Van Nam,0.673913043478261,0.553,1,1.0,0.8082523174251826,0.6812060679347743,5.172796023942724,16.257217928940996,1,0.10635995801937326,0.6521402821732747,0.27140485732497266,0,low,0.6394641009413722
cmjq87zww002hnv9wyduwhdkk,Pearl Allen,0.7441860465116279,0.502,1,1.0,0.8085937299254278,0.658646190840142,4.574460116303615,18.22938117130157,0,0.21880270088432793,0.7319983255154879,0.1558153634821255,0,low,0.6329362384800863
cmjrh2c6400aknvuw673wgwk4,Sakura Ito,0.93,0.97,1,0.0,0.0,0.7257150968872919,9.105971472091987,18.78932639734026,0,0.22820588803176275,0.73618538067646,0.22160689196400685,0,low,0.4505711595918893
cmjrg9unz0055nvtkvokpbp0u,Yashika Sharma,0.97,0.943,1,0.0,0.0,0.8358245785282925,8.994984987377725,16.820839830794924,0,-0.07667364387107295,0.874572511483197,0.10200660393243821,0,low,0.45069622333500786
cmjq87zs60018nv9w8wwwhn6b,Quinn Campbell,0.66,0.5650000000000001,1,1.0,0.8187606362774189,0.603071221063381,5.169258733690797,11.236668909749529,0,-0.04876517142549522,0.7376281180423828,0.2549327885955207,0,low,0.6359807548885504
cmjq87zpp000nnv9wp8n56u3x,Somsak Ritthirong,0.6938775510204082,0.5700000000000001,1,1.0,0.7782849974903416,0.8276044703435045,5.059857477118312,18.718720541911075,1,-0.09984569047864539,0.6286357912685852,0.2275227020864452,0,low,0.6356537903958017
cmjq87znu0008nv9w32qst9pd,Tanongsak Promrak,0.72,0.532,1,1.0,0.8041986988609593,0.6950755652212798,4.786221523467394,10.462353996659138,0,0.21960167859519517,0.6195948297205904,0.1339091533106836,0,low,0.5997744779591839
cmjq87zwl002env9wlkjgjpyy,Rajendran a/l Muthu,0.7073170731707318,0.553,1,1.0,0.7997738370197451,0.8212866348715673,5.20953592938893,11.500492285755652,1,0.23313181847837913,0.6737188820467659,0.24086677610409993,0,low,0.6410102342962827
cmjrh2b4d0015nvuwz8tpo6oy,Aarush Khanna,0.95,0.976,0,0.0,0.0,0.6103972348825146,9.526732605800653,17.569378049603777,1,0.11017439460217054,0.7005893878748823,0.1908226086281387,0,low,0.46043713300717126
cmjq87zxv002qnv9wcyr77z5e,Ruby Green,0.775,0.532,1,1.0,0.7898747916301585,0.6707807735777319,4.974898903631802,14.206517125919227,0,-0.013460870261335203,0.694475891768274,0.13958640381789522,0,low,0.616521199065184
cmjq87zr0000znv9w4bf85yrj,Riley Carter,0.6829268292682927,0.588,0,1.0,0.8101269846233291,0.7754326304211492,5.677693546424358,10.543015121667324,1,0.1584231600371204,0.6529037286379198,0.18072298868911135,0,low,0.7478227517786747
cmjq8801l003nnv9wd00ncy4k,Bronze White,0.75,0.5599999999999999,1,1.0,0.7856267694020532,0.6931848311747473,4.983547424310485,12.359552144619126,0,0.15605176368305876,0.6193210149619597,0.2885342120749482,0,low,0.6667523203380111
cmjq87zvz0028nv9w5odxhd3w,Chen Ming,0.775,0.5549999999999999,0,1.0,0.787751801719929,0.7009179415991658,5.066578571061477,13.886049606536666,0,-0.09895157325163861,0.7853968498289524,0.12890426322488374,0,low,0.6190102821791943
cmjq87zvd0022nv9whiy7gstv,Wanida Kaewkanya,0.7446808510638298,0.567,0,1.0,0.8045664655311313,0.895466961311085,5.300913610073556,10.31567457757989,1,0.08892097741520164,0.7759958339447428,0.2896700912725649,0,low,0.6580282760565165
cmjq880340042nv9w7b7paie4,Jordan Evans,0.6938775510204082,0.613,1,1.0,0.8456471018106724,0.7361017084326562,5.592965188606136,19.635150586938295,1,-0.04818440111077127,0.6053558957821068,0.1748447418630827,0,low,0.6771183781220427
cmjq87zqp000wnv9whwddf32p,Blaze Turner,0.75,0.618,1,1.0,0.7859349601244529,0.7332566061736572,5.402862664153867,11.614121393436626,0,-0.06125913912730625,0.8404867035950736,0.11092974141740031,0,low,0.6950353485648203
cmjq87zx7002knv9wumczv7vh,Thorium Baker,0.7111111111111111,0.663,1,1.0,0.7836749275039687,0.7538036168212257,6.172676351811534,18.391381682405303,1,0.24040566836252344,0.6362704500697964,0.20408009095457447,0,low,0.7190170392433105
cmjq8800a003bnv9w8okja8ei,Sky Smith,0.7441860465116279,0.638,0,1.0,0.8147013686738908,0.6723535781374317,5.589487211721103,17.70115255701375,1,0.12093913888933647,0.8108812934274773,0.2954344344047798,0,low,0.7040752374913422
cmjq87zzp0035nv9w1m864j0n,Zainal Abidin bin Yusof,0.7,0.7030000000000001,1,1.0,0.7880570261217404,0.8787379850380315,6.3114983322860105,11.239854032384843,0,0.253143231405872,0.7725749055187492,0.14775532058586496,0,low,0.7032181062608329
cmjq87zq1000qnv9wufo459x0,Nguyen Van Khoa,0.7209302325581395,0.692,0,1.0,0.7880187697844434,0.871685446030745,6.644629826302803,13.900745623802248,0,0.16152070446478892,0.7123068813471538,0.19935627606985507,0,low,0.7358168945957331
cmjq87ztu001nnv9wq6cxxjsn,Zhu Ling,0.6829268292682927,0.728,1,1.0,0.8027461247103278,0.8246876916527873,6.670972368369641,13.196776796946997,0,0.2210811238778688,0.63769591835042,0.24632985888365214,0,low,0.6803730449668262
cmjq87zom000env9wy6jzi130,Kamon Sukkasem,0.7777777777777779,0.6719999999999999,1,1.0,0.8053601370873714,0.6360776508868852,6.211230917375255,17.243793323721782,1,0.20700412542098925,0.8245782486212297,0.2431443190874955,0,low,0.7541077184724941
cmjq87zqd000tnv9wvvnje1w8,Li Na,0.7777777777777779,0.663,1,1.0,0.8254513466062601,0.7022379965217999,6.146289227677309,14.182528438432414,0,0.004040392810266358,0.6027345317878549,0.22495005413505514,0,low,0.7362066522376182
cmjq87zsu001env9w28pakb2p,Sky Edwards,0.7560975609756098,0.7030000000000001,1,1.0,0.7989800701552617,0.7893371911338537,6.620476268528005,13.619481678674141,1,0.10364201787929175,0.6547781180520219,0.2648362303502337,0,low,0.7682419339443965
cmjq87zv2001znv9wdedn1yg0,Steel Thomas,0.78,0.72,1,1.0,0.7709519379270531,0.8692922466963402,6.690131976992541,14.89585344726196,1,0.09667190393251782,0.7543367460243287,0.24561209049291305,0,low,0.7469982792216753
cmjq87zy9002tnv9w7gda7ygr,Sage Miller,0.8095238095238095,0.705,1,1.0,0.767405664790386,0.698126804378658,6.789223109484582,11.316173455860023,0,-0.059736500797680364,0.7284553308442029,0.29035369025040236,0,low,0.7943073266326734
cmjq87zsj001bnv9w2cjraf8d,Ruby Martinez,0.6666666666666665,0.7969999999999999,1,1.0,0.7959333615762771,0.6640541217307413,7.642733461514442,10.36420549168597,0,0.05162420442495505,0.894398439542322,0.22529277079232377,0,low,0.7128785135919091
cmjr9hisu006knvncu1d7y3b9,William Thomas,0.8420000000000001,0.6799999999999999,1,1.0,0.7767234116460409,0.6339487482685305,6.115343719785042,18.02381486186286,1,0.1830624438002522,0.6137559458353434,0.22124851749598992,0,low,0.7264208722211034
cmjr9hizd00dsnvncy86s4sjm,Alexander Rodriguez,0.858,0.67,1,1.0,0.7787542098043758,0.8219984318920477,6.297598386104498,10.464114146842379,0,0.04399337847403592,0.7660676149635857,0.2816358098387153,0,low,0.6762931950924813
cmjr9hj3v00jknvncj7qzml2t,David King,0.8490000000000001,0.65,1,1.0,0.8258312219754216,0.649348779919196,5.943384874334553,17.79315914681404,1,0.20649267370787913,0.7085211292436213,0.15743234788760946,0,low,0.6953447029191191
cmjr51j09000anvq0sb6wjg87,Test Student,0.7346938775510204,0.8,0,1.0,0.7605820433548007,0.7467291156513964,7.739286649481048,13.69922734158548,0,0.29633498831223215,0.7349206001147176,0.24878262188185662,0,low,0.7182344872592367
cmjotkunh000dnvzkw09sxdtv,Michael Brown,0.6521739130434783,0.85,0,1.0,0.7799374713178585,0.8062515382379692,8.245001046654354,14.001084997729542,1,0.08382467045567374,0.6008152026346449,0.291015998735073,0,low,0.7729690506668323
cmjq87zwb002bnv9w3uvk87ft,Hu Wei,0.7142857142857143,0.79,1,1.0,0.7994153972447385,0.767047875750956,7.393768189405021,10.463513191247806,1,0.27502040429468744,0.6427042739466359,0.2374832356319467,0,low,0.7184438590258909
cmjq8800y003hnv9wak8grge8,Steel Sanchez,0.72,0.7769999999999999,0,1.0,0.8154823274417428,0.8246812678637041,7.116947225803497,12.71021233658152,0,0.09779234252474409,0.793642993363705,0.24342756420606668,0,low,0.7882340716864815
cmjq87zug001tnv9w6f8f2nji,Bui Thi Thu,0.7727272727272727,0.733,1,1.0,0.822153766401714,0.627054789223596,6.598386707318855,13.432544702405623,1,0.09178899004434396,0.8906689685706558,0.20086868202224678,0,low,0.689805279053333
cmjq8801w003qnv9wey2x6u6s,Malee Jitpakdee,0.7608695652173914,0.748,0,1.0,0.8215760962020552,0.8834293759303558,6.680384598677371,18.752970624398408,0,0.034426599302164546,0.8211148172851943,0.2557820546110472,0,low,0.6701854490562703
cmjq88027003tnv9wwfcf224y,Kamon Sukkasem,0.75,0.765,0,1.0,0.8104367637300739,0.6143426108578847,6.920905643489008,13.834059489408187,1,0.0866114265037988,0.7584125728986901,0.2373190287847166,0,low,0.7005990487044045
cmjr9hj8c00pcnvncxjszo5i5,Nathan Nelson,0.861,0.6799999999999999,1,1.0,0.8182904103783989,0.8773456740496768,6.388174280165993,19.792426341835593,0,0.07382772132493956,0.8878413921219219,0.28268043679088983,0,low,0.8137226242850791
cmjq87zxj002nnv9wec6gh30x,Nonglak Boonmee,0.8,0.728,1,1.0,0.830931050649821,0.7860830939320269,6.898200078657433,19.50821519030741,0,0.011303433256235576,0.8137784873197014,0.24124907514331842,0,low,0.6995145107344662
cmjq8803f0045nv9w0dajeyaz,Le Quang Huy,0.813953488372093,0.73,1,1.0,0.8221254667294194,0.6871891500597084,6.6063042160521075,15.063910019617914,1,-0.02805712377624832,0.7148226514716829,0.28352739763414125,0,low,0.7394565195588773
cmjq87zzc0032nv9wr9ee5nv7,Nguyen Thi Ngoc,0.7,0.8400000000000001,0,1.0,0.8182607021323419,0.6714916595637043,7.992652428554815,15.605395830136185,1,0.17988857607079847,0.6176223028964687,0.2423053250970778,0,low,0.739985655419545
cmjr9hj6400mgnvnc7kpju1bf,Christopher Scott,0.856,0.73,1,1.0,0.8109236790121783,0.8465765624210315,6.587192930713277,15.484905612803104,0,0.030429307358451313,0.6507924255343716,0.2567530689907005,0,low,0.7022487541352408
cmjq87zrd0012nv9wbz51e5dj,Liu Hua,0.7391304347826086,0.8130000000000001,0,1.0,0.821139372240514,0.6228692546058983,7.699653657045915,15.959783447869707,1,0.2898033265964508,0.670794159844724,0.10682727886266419,0,low,0.6544819537922819
cmjr9hipc0028nvnc49adq11q,Noah Davis,0.855,0.72,0,1.0,0.8308701027761722,0.7039877041611533,6.5141080286416795,17.177813124710028,0,0.08379450624521922,0.7864608186324429,0.20555006352477673,0,low,0.7237577420541402
cmjr9hjaj00s8nvnctjh5ojg5,Owen Roberts,0.872,0.72,1,1.0,0.8163510384487681,0.6777278703258346,6.473868085464001,11.269983624134118,0,0.08715304551091305,0.8911561276583089,0.1829443790884178,0,low,0.812275762275758
cmjq87zt6001hnv9wgr1kbnz0,Quinn Harris,0.7333333333333333,0.8470000000000001,1,1.0,0.7905354701541247,0.6569481429415496,8.068249271448499,15.770667696914725,1,0.2783072015046134,0.8265792433231216,0.25581103640304415,0,low,0.6920909890943552
cmjr9hiv5009gnvncsgq60x38,Benjamin Martin,0.863,0.74,0,1.0,0.8167919612442924,0.6369876860728252,7.031236470239423,13.289712352728358,0,-0.08607660878995733,0.7418732907872347,0.10263686498019271,0,low,0.6819319452958387
cmjq87zoz000hnv9w5fxj9rtj,Tran Thi Linh,0.775,0.8300000000000001,1,1.0,0.7963563474531309,0.7212910983653248,7.70883757192928,10.918491591749316,0,0.2024753266312723,0.6032973768551287,0.17966315470905186,0,low,0.8000457656367793
cmjr9hj1n00gonvncsfk9q4w9,Daniel Hall,0.867,0.74,1,1.0,0.8255353017611499,0.8625210792179723,6.751225198192539,14.770057753855186,1,0.049034986090645466,0.8068231302772406,0.28115696102572163,0,low,0.6935923565840307
cmjotkuoz000pnvzkrnmyeseq,Robert Taylor,0.7906976744186046,0.825,0,1.0,0.8016429910967621,0.7242944861821344,7.555907856047032,14.226675010030526,0,-0.04396022830982127,0.7516155542060203,0.14742945056001788,0,low,0.7412489378618727
cmjr9hj0k00f8nvnc7fquad0n,Michael Lee,0.8809999999999999,0.75,0,1.0,0.814627304133111,0.605889494060251,7.279514123747254,12.767705321235121,1,0.23959084094817637,0.7429433231555875,0.1439963107819228,0,low,0.7161317179707365
cmjr9hj4z00l0nvnce8b0g9su,Andrew Lopez,0.873,0.75,1,1.0,0.8266858501868499,0.7700173928982822,6.804999232718679,19.99991332744151,0,0.2840015890260156,0.8619580028760689,0.2158031377028937,0,low,0.8476323026744929
cmjq87zti001knv9wrzj99647,Casey Phillips,0.7916666666666665,0.8320000000000001,1,1.0,0.8043885395237175,0.8791483921567933,7.871890512158941,13.379463699153185,0,-0.010549704268946497,0.8918555344130253,0.2977251893136582,0,low,0.6974502279853779
cmjr9hiy900ccnvncfsz85w9g,Henry Robinson,0.875,0.76,1,1.0,0.8220934317727548,0.6927920326986691,7.355174660975168,17.386395639348656,0,0.04759096451072192,0.7650228731680425,0.21318351797192445,0,low,0.6940598282271397
cmjr9hiwa00awnvnc832xcmly,Lucas Garcia,0.894,0.75,0,1.0,0.8173278212797829,0.6093551363278459,7.249897950732752,13.237814267484119,0,0.05855800321980528,0.6233578920187322,0.2665233094487701,0,low,0.7712909807083125
cmjr9hir0004envnc0dlj8fnv,Sophia Moore,0.878,0.75,1,1.0,0.8365868562463725,0.7960721246770706,7.0024264316554055,15.941386324538543,0,0.19214044251500376,0.6749542725235407,0.1888959828303448,0,low,0.6913499878890134
cmjr9hiu00080nvnc5h5i48sa,James White,0.889,0.76,1,1.0,0.8192247744258158,0.8285164728055323,6.8473612290732735,16.517830261572545,0,-0.08430905227695332,0.8908388451655371,0.27538276370253434,0,low,0.8570453973732928
cmjr9hj2r00i4nvncqgmlf9ri,Joseph Young,0.892,0.76,1,1.0,0.8170552118888975,0.7669408504079288,7.189977277640651,18.62417902764758,1,-0.059031750760352254,0.6111678990573162,0.22192736528376478,0,low,0.824940355723348
cmjr9hio6000snvnc5u6anj4n,Liam Williams,0.88,0.78,1,1.0,0.8167464380244635,0.873707619689724,7.374999342993044,13.330938408450319,0,0.09807399474549303,0.7899532247655184,0.18119802427320694,0,low,0.788142958126669
cmjr9hj7600nwnvncoco6m30i,Ryan Adams,0.8859999999999999,0.76,1,1.0,0.8391470257823325,0.6187860113115228,7.184793410607189,13.065605200367349,0,-0.08185269191381944,0.6656071115628579,0.2525504262156768,0,low,0.7926411531019619
cmjq87zro0015nv9whstybf0y,Narongchai Kiatkraisong,0.7142857142857143,0.9179999999999999,1,1.0,0.801682339376419,0.8674494123321306,8.84193669189031,12.812938700068958,0,0.03365003986248741,0.8042382919234845,0.11144672907436132,0,low,0.8177194163725876
cmjr9hj9e00qsnvnc5kepm0a9,Jackson Mitchell,0.895,0.79,0,1.0,0.7951975104178262,0.6220865567629856,7.300196446991148,17.275803622511273,0,0.12302544701481502,0.6150461793753969,0.13507157140554543,0,low,0.7812044263103007
cmjotkuol000mnvzkvd3jiwpm,Lisa Anderson,0.7857142857142857,0.875,0,1.0,0.7949292419031759,0.840396078826291,8.20426785404679,11.485622236707453,0,0.06356271806963218,0.7423666940368229,0.14841837705684308,0,low,0.6928136549702203
cmjq87znf0005nv9w6qfkje62,Lin Ping,0.6875,0.943,1,1.0,0.8099822796962054,0.7142958029768107,9.115887055843165,15.602871026889785,1,0.2546469143743175,0.8172425816466948,0.1842955343335737,0,low,0.7168003590275901
cmjotkupc000snvzkryxpwwsy,Jennifer Martinez,0.7346938775510204,0.9119999999999999,1,1.0,0.8077697764655403,0.6575146406039079,8.81119587231071,11.49007681477157,0,0.23545786278148415,0.7277136187966444,0.11470311774657249,0,low,0.825123132775134
cmjq8801a003knv9w68elnjz0,Ahmad bin Mohd,0.7272727272727273,0.907,1,1.0,0.8262090621240022,0.687471010393977,8.417789914827967,11.070090942880618,1,0.0011520742159778913,0.751802657192646,0.16314536635685725,0,low,0.8057881775564965
cmjq4zy430005nvx0cznuewax,Walsh White,0.675,0.9890000000000001,1,1.0,0.7781276128187088,0.7637953855636561,9.215929418833475,16.04023086547813,0,0.2273592538292374,0.8060305453187525,0.15253419817743286,0,low,0.7092424674854539
cmjotkumq0007nvzkrr3li2bq,John Smith,0.65,0.991,1,1.0,0.8112938262976743,0.7655792798564847,9.146895140567333,10.66362168346879,1,0.14918694082270295,0.7059074715205944,0.12288003034826292,0,low,0.7584194671513851
cmjr9hiqi003onvncd0yq8ksr,Ethan Wilson,0.897,0.8099999999999999,1,1.0,0.8075046049508314,0.6810733727431076,7.887841108399282,11.589696508230197,1,-0.06933468242464863,0.8531804394253515,0.2778233263537846,0,low,0.843586607523678
cmjr9hitf007anvnc7nqc32ek,Mia Jackson,0.905,0.8300000000000001,1,1.0,0.7770398093198136,0.7373836088054879,7.5016740399008714,11.968242038183828,0,0.28973642846429426,0.6624996962758561,0.13816678230817064,0,low,0.8623710425375881
cmjr9hj2700henvncrb92p1nv,Madison Allen,0.914,0.82,1,1.0,0.7938974758678573,0.722907923922507,7.850984573743856,14.345111908408127,1,0.004796085743374645,0.7141000904586179,0.2380022675409755,0,low,0.8217829505708384
cmjr9hiyt00d2nvnc4idhwyat,Evelyn Clark,0.902,0.8300000000000001,0,1.0,0.7988963545783632,0.7296443142382865,7.836298959413609,14.444247730253327,1,0.28375848070838694,0.7961559578793969,0.23609956721692307,0,low,0.73107532927459
cmjq880000038nv9wyccljihh,Taylor Campbell,0.7916666666666665,0.9099999999999999,1,1.0,0.8036725972100222,0.6611760176082525,8.850008759456802,11.132466805029825,1,-0.07316464195901169,0.631663746112868,0.29989234695894273,0,low,0.8142444688384746
cmjr9hj5j00lqnvnc0fvknmax,Avery Hill,0.9079999999999999,0.8099999999999999,0,1.0,0.8305180487360714,0.634110818682005,7.728281422905528,18.14967446911276,1,0.07088193754789993,0.6634250007263265,0.20230804641296635,0,low,0.8201132192620438
cmjr9hixo00bmnvncegtv7y20,Harper Martinez,0.9179999999999999,0.8400000000000001,1,1.0,0.7857818725692295,0.8711388553254721,8.074163301536869,15.050116423543415,0,0.12035855062847742,0.7000727234553574,0.1433924639732535,0,low,0.8165580762839172
cmjq87zpc000knv9whieznblm,Wanida Kaewkanya,0.7555555555555555,0.93,1,1.0,0.8300246697023137,0.8308101019471984,8.504082882231014,15.03965377502365,1,0.18709452727571266,0.7817372203645173,0.12115955194850934,0,low,0.7178809220542332
cmjr9hiuk008qnvncee7gnj49,Charlotte Harris,0.9209999999999999,0.82,1,1.0,0.8141617730877596,0.6325020872923061,7.4676152959827,16.966187308204223,1,0.03489216963688299,0.7250754574756328,0.2555244301701247,0,low,0.7377521924297012
cmjq87zu5001qnv9wbt537zbj,Pearl Young,0.7560975609756098,0.9380000000000001,1,1.0,0.8256200256541656,0.7541178468014796,8.892636141202223,17.01055294073256,1,0.042523333945097164,0.6233684304775554,0.2890143467418543,0,low,0.6992067573098942
cmjq8802i003wnv9w9x7ftu9y,Ma Jun,0.7608695652173914,0.9380000000000001,1,1.0,0.8239119192421329,0.7338019801588033,8.957091034777607,11.46866013446412,1,-0.08547699095309294,0.6060921420620087,0.22479348175117914,0,low,0.7808006110539788
cmjq8800m003env9w922islr5,Mariam binti Ibrahim,0.826086956521739,0.925,0,1.0,0.7851763850636392,0.722615859563462,8.633416895282808,11.554094976463773,0,0.2820596265902544,0.6719997373658824,0.21439668818235458,0,low,0.7939957731139831
cmjr9hj9z00rinvncjq50b63v,Lily Perez,0.907,0.8400000000000001,1,1.0,0.8278490898895289,0.7084419039410186,7.986867042903399,16.402936153703607,0,0.04197377516697176,0.6685824302336066,0.11087073438337088,0,low,0.8140336996910223
cmjotkun3000anvzkq10tjf79,Emily Johnson,0.78,0.961,1,1.0,0.7979225039924681,0.7714941003175605,9.080744314351886,18.23116623767767,0,-0.0714805109304748,0.7478234984419339,0.22870075633410106,0,low,0.6999061524558939
cmjq87zur001wnv9w77yg8od6,Blaze Parker,0.7608695652173914,0.97,0,1.0,0.8210311877004786,0.8495498867504627,9.339529205680074,19.001921727191572,1,0.29180609997918017,0.7644013217765127,0.10318988873108415,0,low,0.7960574966105961
cmjq87zo7000bnv9wynfc9utr,Jordan Young,0.8571428571428571,0.905,1,1.0,0.8148563979088655,0.8956494339507834,8.428687733554352,15.096013761163206,1,0.14772148210680955,0.7932700501112839,0.13672291426303734,0,low,0.796921284284173
cmjr9hj1400fynvncm6kyctjs,Emily Walker,0.929,0.86,1,1.0,0.8050055715785827,0.6874115279372348,8.155926369018331,15.266791949123828,1,0.14039305862627824,0.8576951802833779,0.11263383656917635,0,low,0.7649907265054716
cmjr9hini0002nvncsxbdtrfc,Emma Johnson,0.925,0.85,1,1.0,0.8275107441377534,0.8543512233873299,7.957020458660158,13.083412655296598,1,-0.07240798791657443,0.8035335898126357,0.1694977909145115,0,low,0.8857947417572486
cmjr9hj6n00n6nvnc1i1tnm27,Ella Green,0.9229999999999999,0.85,0,1.0,0.8330876921890702,0.8585462941739321,7.823017460441647,16.403976091117496,0,-0.08929107792918481,0.8514210402898483,0.27791844079038386,0,low,0.8681380012695225
cmjq87zz0002znv9wxgs6g00m,Preecha Anantapong,0.8163265306122449,0.96,0,1.0,0.7984106872418679,0.8245000853506936,9.115204938147931,11.759924975266538,0,-0.0895662487152129,0.6314349721745343,0.27197992369648993,0,low,0.7665319605929101
cmjq8802t003znv9wcw1xdgd5,Luo Yan,0.8333333333333335,0.9400000000000001,1,1.0,0.8089162751840511,0.6502009875567347,9.156536226017591,18.795012818643098,1,0.28706479466982404,0.8746736881034705,0.28899941958372155,0,low,0.7246285129959342
cmjr9hj8v00q2nvncjv57s6z5,Grace Carter,0.919,0.8699999999999999,1,1.0,0.820344555765744,0.8915398680955053,8.171685777765276,17.429267702870415,0,-0.07865393869391145,0.8209522997540478,0.18071506600488946,0,low,0.8168556639828726
cmjr9hj3a00iunvncqkagolxx,Elizabeth Hernandez,0.935,0.8800000000000001,1,1.0,0.800647520423411,0.6585611328133072,8.446375865236375,15.128654432858513,0,0.045349229356256876,0.8127685559679281,0.10580535432748993,0,low,0.8569691494811765
cmjr9hipx002ynvnc81diiuy8,Ava Miller,0.9129999999999999,0.8800000000000001,0,1.0,0.8257171666263523,0.729384699420766,8.242535697277253,16.459403208992207,0,0.238878873449807,0.857585784937918,0.12826418008156176,0,low,0.8571484393650083
cmjr9hiro0054nvnc8ysbyjwy,Mason Taylor,0.9309999999999999,0.8699999999999999,1,1.0,0.8269387494589259,0.8211641927972755,8.038363894859598,16.287373711437496,0,0.19183189508360074,0.6409130887579105,0.29387627935774285,0,low,0.8295896994380372
cmjotkunt000gnvzk4o20edmr,Sarah Davis,0.8043478260869565,0.967,1,1.0,0.826649516562814,0.6925802734361495,8.932803477567363,19.84027725954878,1,0.12953639248544074,0.7736047521221534,0.2982693759433186,0,low,0.8444110918013951
cmjq87zyn002wnv9wum4c9blz,Phoenix Sanchez,0.8125,0.983,0,1.0,0.8020004985156721,0.7307280732596669,9.400845444175983,17.53985372183355,1,0.05669488820555624,0.762660544182187,0.11036489570136676,0,low,0.8722558815441506
cmjr9his8005unvncp6tvo8yj,Isabella Anderson,0.9470000000000001,0.89,1,1.0,0.7927291570584193,0.8765345027886269,8.344680403707198,15.491217410282392,0,0.08091412358898711,0.6467376644287108,0.13099769526323257,0,low,0.787603416666324
cmjotkuo6000jnvzkxa95spwt,James Wilson,0.8,0.993,0,1.0,0.8072433703733549,0.752940970737688,9.701403941706877,12.618688372346071,1,-0.07778233806584228,0.7228330610331662,0.16215591846446203,0,low,0.7680486004759006
cmjr9hivp00a6nvnc0ljkgjqd,Amelia Thompson,0.9470000000000001,0.9099999999999999,1,1.0,0.8045671932413332,0.6591107472796645,8.790054344996863,16.094137276777825,0,0.09567329868333996,0.6880565764641947,0.13076650118071526,0,low,0.7462053988725973
cmjr9hj7r00omnvncv2t9xf4n,Scarlett Baker,0.948,0.9199999999999999,1,1.0,0.7943925742509707,0.6314402265741671,8.576090287809466,16.06835897432265,1,0.24736832819231055,0.763053435674292,0.12117026346077925,0,low,0.7653005527487391
cmjr9hioq001invncr2rwzrle,Olivia Brown,0.9520000000000001,0.9199999999999999,1,1.0,0.8073155730089132,0.7272012291168922,8.55417747509088,10.392292472608018,0,-0.0655714397351543,0.6243395767736825,0.16280239184225115,0,low,0.7656258109405741
cmjr9hj0000einvncld483lto,Abigail Lewis,0.956,0.93,1,1.0,0.7933813738453334,0.6704632708451181,8.945371365910729,13.318299833021811,0,0.23562469888568652,0.8048923058980602,0.182641004976852,0,low,0.775019714386083
cmjr9hj4f00kanvnc4wsfh31b,Sofia Wright,0.961,0.9400000000000001,0,1.0,0.8010484884443811,0.7164339400266171,8.819947025910864,11.190981842662156,1,0.08592227085938445,0.6896648488172261,0.17626202376166497,0,low,0.7849939380021347
